sim_time,robot_id,state,pos_x,pos_y,goal_x,goal_y,active_plan_source,active_plan_epoch,controller_epoch,controller_waypoint_idx,waypoints,current_task,hold_until,speed_scale,heading,emergency_braking,joint_wait_reason,joint_wait_until,replan_requested
0.256,1,en_route_pickup,-4.000,3.000,-6.000,3.500,None,None,0,0,1,1,0.000,1.00,-0.001,False,None,0.000,False
0.256,2,idle,-4.000,-3.000,0.000,0.000,None,None,0,0,0,None,0.000,1.00,-0.001,False,None,0.000,False
0.256,3,idle,4.000,3.000,0.000,0.000,None,None,0,0,0,None,0.000,1.00,3.142,False,None,0.000,False
0.256,4,idle,4.000,-3.000,0.000,0.000,None,None,0,0,0,None,0.000,1.00,3.142,False,None,0.000,False
0.256,5,idle,-7.000,-0.000,0.000,0.000,None,None,0,0,0,None,0.000,1.00,1.571,False,None,0.000,False
0.256,6,idle,7.000,0.000,0.000,0.000,None,None,0,0,0,None,0.000,1.00,1.571,False,None,0.000,False
0.256,7,idle,-8.500,1.200,0.000,0.000,None,None,0,0,0,None,0.000,1.00,-0.001,False,None,0.000,False
0.256,8,idle,8.500,-1.200,0.000,0.000,None,None,0,0,0,None,0.000,1.00,3.142,False,None,0.000,False
0.512,1,en_route_pickup,-4.000,3.000,-6.000,3.500,None,None,0,0,1,1,0.000,1.00,-0.001,False,None,0.000,False
0.512,2,idle,-4.000,-3.000,0.000,0.000,None,None,0,0,0,None,0.000,1.00,-0.001,False,None,0.000,False
0.512,3,idle,4.000,3.000,0.000,0.000,None,None,0,0,0,None,0.000,1.00,3.142,False,None,0.000,False
0.512,4,idle,4.000,-3.000,0.000,0.000,None,None,0,0,0,None,0.000,1.00,3.142,False,None,0.000,False
0.512,5,idle,-7.000,-0.000,0.000,0.000,None,None,0,0,0,None,0.000,1.00,1.571,False,None,0.000,False
0.512,6,idle,7.000,0.000,0.000,0.000,None,None,0,0,0,None,0.000,1.00,1.571,False,None,0.000,False
0.512,7,idle,-8.500,1.200,0.000,0.000,None,None,0,0,0,None,0.000,1.00,-0.001,False,None,0.000,False
0.512,8,idle,8.500,-1.200,0.000,0.000,None,None,0,0,0,None,0.000,1.00,3.142,False,None,0.000,False
0.768,1,en_route_pickup,-4.003,2.999,-6.000,3.500,joint_grid_transaction,1,1,1,9,1,0.000,1.00,0.191,False,None,0.000,False
0.768,2,idle,-4.000,-3.000,0.000,0.000,None,None,0,0,0,None,0.000,1.00,-0.001,False,None,0.000,False
0.768,3,idle,4.000,3.000,0.000,0.000,None,None,0,0,0,None,0.000,1.00,3.142,False,None,0.000,False
0.768,4,idle,4.000,-3.000,0.000,0.000,None,None,0,0,0,None,0.000,1.00,3.142,False,None,0.000,False
0.768,5,idle,-7.000,-0.000,0.000,0.000,None,None,0,0,0,None,0.000,1.00,1.571,False,None,0.000,False
0.768,6,idle,7.000,0.000,0.000,0.000,None,None,0,0,0,None,0.000,1.00,1.571,False,None,0.000,False
0.768,7,idle,-8.500,1.200,0.000,0.000,None,None,0,0,0,None,0.000,1.00,-0.001,False,None,0.000,False
0.768,8,idle,8.500,-1.200,0.000,0.000,None,None,0,0,0,None,0.000,1.00,3.142,False,None,0.000,False
1.024,1,en_route_pickup,-4.023,2.991,-6.000,3.500,joint_grid_transaction,1,1,1,9,1,0.000,1.00,0.525,False,None,0.000,False
1.024,2,idle,-4.000,-3.000,0.000,0.000,None,None,0,0,0,None,0.000,1.00,-0.001,False,None,0.000,False
1.024,3,idle,4.000,3.000,0.000,0.000,None,None,0,0,0,None,0.000,1.00,3.142,False,None,0.000,False
1.024,4,idle,4.000,-3.000,0.000,0.000,None,None,0,0,0,None,0.000,1.00,3.142,False,None,0.000,False
1.024,5,idle,-7.000,-0.000,0.000,0.000,None,None,0,0,0,None,0.000,1.00,1.571,False,None,0.000,False
1.024,6,idle,7.000,0.000,0.000,0.000,None,None,0,0,0,None,0.000,1.00,1.571,False,None,0.000,False
1.024,7,idle,-8.500,1.200,0.000,0.000,None,None,0,0,0,None,0.000,1.00,-0.001,False,None,0.000,False
1.024,8,idle,8.500,-1.200,0.000,0.000,None,None,0,0,0,None,0.000,1.00,3.142,False,None,0.000,False
1.280,1,en_route_pickup,-4.050,2.971,-6.000,3.500,joint_grid_transaction,1,1,2,9,1,0.000,1.00,0.779,False,None,0.000,False
1.280,2,en_route_pickup,-4.000,-3.000,-1.000,1.500,None,None,0,0,4,2,0.000,1.00,-0.001,False,None,0.000,False
1.280,3,idle,4.000,3.000,0.000,0.000,None,None,0,0,0,None,0.000,1.00,3.142,False,None,0.000,False
1.280,4,idle,4.000,-3.000,0.000,0.000,None,None,0,0,0,None,0.000,1.00,3.142,False,None,0.000,False
1.280,5,idle,-7.000,-0.000,0.000,0.000,None,None,0,0,0,None,0.000,1.00,1.571,False,None,0.000,False
1.280,6,idle,7.000,0.000,0.000,0.000,None,None,0,0,0,None,0.000,1.00,1.571,False,None,0.000,False
1.280,7,idle,-8.500,1.200,0.000,0.000,None,None,0,0,0,None,0.000,1.00,-0.001,False,None,0.000,False
1.280,8,idle,8.500,-1.200,0.000,0.000,None,None,0,0,0,None,0.000,1.00,3.142,False,None,0.000,False
1.536,1,en_route_pickup,-4.075,2.943,-6.000,3.500,joint_grid_transaction,1,1,2,9,1,0.000,1.00,1.027,False,None,0.000,False
1.536,2,en_route_pickup,-4.000,-3.000,-1.000,1.500,None,None,0,0,4,2,0.000,1.00,-0.001,False,None,0.000,False
1.536,3,en_route_pickup,4.000,3.000,-3.000,1.500,None,None,0,0,2,3,0.000,1.00,3.142,False,None,0.000,False
1.536,4,idle,4.000,-3.000,0.000,0.000,None,None,0,0,0,None,0.000,1.00,3.142,False,None,0.000,False
1.536,5,idle,-7.000,-0.000,0.000,0.000,None,None,0,0,0,None,0.000,1.00,1.571,False,None,0.000,False
1.536,6,idle,7.000,0.000,0.000,0.000,None,None,0,0,0,None,0.000,1.00,1.571,False,None,0.000,False
1.536,7,idle,-8.500,1.200,0.000,0.000,None,None,0,0,0,None,0.000,1.00,-0.001,False,None,0.000,False
1.536,8,idle,8.500,-1.200,0.000,0.000,None,None,0,0,0,None,0.000,1.00,3.142,False,None,0.000,False
1.792,1,en_route_pickup,-4.087,2.922,-6.000,3.500,joint_grid_transaction,1,1,2,9,1,0.000,1.00,1.349,False,None,0.000,False
1.792,2,en_route_pickup,-4.000,-3.000,-1.000,1.500,None,None,0,0,4,2,0.000,1.00,-0.001,False,None,0.000,False
1.792,3,en_route_pickup,4.000,3.000,-3.000,1.500,None,None,0,0,2,3,0.000,1.00,3.142,False,None,0.000,False
1.792,4,idle,4.000,-3.000,0.000,0.000,None,None,0,0,0,None,0.000,1.00,3.142,False,None,0.000,False
1.792,5,idle,-7.000,-0.000,0.000,0.000,None,None,0,0,0,None,0.000,1.00,1.571,False,None,0.000,False
1.792,6,idle,7.000,0.000,0.000,0.000,None,None,0,0,0,None,0.000,1.00,1.571,False,None,0.000,False
1.792,7,idle,-8.500,1.200,0.000,0.000,None,None,0,0,0,None,0.000,1.00,-0.001,False,None,0.000,False
1.792,8,idle,8.500,-1.200,0.000,0.000,None,None,0,0,0,None,0.000,1.00,3.142,False,None,0.000,False
2.048,1,en_route_pickup,-4.088,2.921,-6.000,3.500,joint_grid_transaction,1,1,2,9,1,0.000,1.00,1.774,False,None,0.000,False
2.048,2,en_route_pickup,-4.000,-3.000,-1.000,1.500,None,None,0,0,4,2,0.000,1.00,-0.001,False,None,0.000,False
2.048,3,en_route_pickup,4.000,3.000,-3.000,1.500,None,None,0,0,2,3,0.000,1.00,3.142,False,None,0.000,False
2.048,4,idle,4.000,-3.000,0.000,0.000,None,None,0,0,0,None,0.000,1.00,3.142,False,None,0.000,False
2.048,5,idle,-7.000,-0.000,0.000,0.000,None,None,0,0,0,None,0.000,1.00,1.571,False,None,0.000,False
2.048,6,idle,7.000,0.000,0.000,0.000,None,None,0,0,0,None,0.000,1.00,1.571,False,None,0.000,False
2.048,7,idle,-8.500,1.200,0.000,0.000,None,None,0,0,0,None,0.000,1.00,-0.001,False,None,0.000,False
2.048,8,idle,8.500,-1.200,0.000,0.000,None,None,0,0,0,None,0.000,1.00,3.142,False,None,0.000,False
2.304,1,en_route_pickup,-4.096,2.941,-6.000,3.500,joint_grid_transaction,1,1,2,9,1,0.000,1.00,2.105,False,None,0.000,False
2.304,2,en_route_pickup,-4.000,-3.000,-1.000,1.500,None,None,0,0,4,2,0.000,1.00,-0.001,False,None,0.000,False
2.304,3,en_route_pickup,4.000,3.000,-3.000,1.500,None,None,0,0,2,3,0.000,1.00,3.142,False,None,0.000,False
2.304,4,idle,4.000,-3.000,0.000,0.000,None,None,0,0,0,None,0.000,1.00,3.142,False,None,0.000,False
2.304,5,idle,-7.000,-0.000,0.000,0.000,None,None,0,0,0,None,0.000,1.00,1.571,False,None,0.000,False
2.304,6,idle,7.000,0.000,0.000,0.000,None,None,0,0,0,None,0.000,1.00,1.571,False,None,0.000,False
2.304,7,idle,-8.500,1.200,0.000,0.000,None,None,0,0,0,None,0.000,1.00,-0.001,False,None,0.000,False
2.304,8,idle,8.500,-1.200,0.000,0.000,None,None,0,0,0,None,0.000,1.00,3.142,False,None,0.000,False
2.560,1,en_route_pickup,-4.118,2.968,-6.000,3.500,joint_grid_transaction,1,1,2,9,1,0.000,1.00,2.357,False,None,0.000,False
2.560,2,en_route_pickup,-4.000,-3.000,-1.000,1.500,None,None,0,0,4,2,0.000,1.00,-0.001,False,None,0.000,False
2.560,3,en_route_pickup,4.000,3.000,-3.000,1.500,None,None,0,0,2,3,0.000,1.00,3.142,False,None,0.000,False
2.560,4,idle,4.000,-3.000,0.000,0.000,None,None,0,0,0,None,0.000,1.00,3.142,False,None,0.000,False
2.560,5,idle,-7.000,-0.000,0.000,0.000,None,None,0,0,0,None,0.000,1.00,1.571,False,None,0.000,False
2.560,6,idle,7.000,0.000,0.000,0.000,None,None,0,0,0,None,0.000,1.00,1.571,False,None,0.000,False
2.560,7,idle,-8.500,1.200,0.000,0.000,None,None,0,0,0,None,0.000,1.00,-0.001,False,None,0.000,False
2.560,8,idle,8.500,-1.200,0.000,0.000,None,None,0,0,0,None,0.000,1.00,3.142,False,None,0.000,False
2.816,1,en_route_pickup,-4.142,2.991,-6.000,3.500,joint_grid_transaction,1,1,2,9,1,0.000,1.00,2.580,False,None,0.000,False
2.816,2,en_route_pickup,-4.000,-3.000,-1.000,1.500,None,None,0,0,4,2,0.000,1.00,-0.001,False,None,0.000,False
2.816,3,en_route_pickup,4.000,3.000,-3.000,1.500,None,None,0,0,2,3,0.000,1.00,3.142,False,None,0.000,False
2.816,4,idle,4.000,-3.000,0.000,0.000,None,None,0,0,0,None,0.000,1.00,3.142,False,None,0.000,False
2.816,5,idle,-7.000,-0.000,0.000,0.000,None,None,0,0,0,None,0.000,1.00,1.571,False,None,0.000,False
2.816,6,idle,7.000,0.000,0.000,0.000,None,None,0,0,0,None,0.000,1.00,1.571,False,None,0.000,False
2.816,7,idle,-8.500,1.200,0.000,0.000,None,None,0,0,0,None,0.000,1.00,-0.001,False,None,0.000,False
2.816,8,idle,8.500,-1.200,0.000,0.000,None,None,0,0,0,None,0.000,1.00,3.142,False,None,0.000,False
3.072,1,en_route_pickup,-4.157,3.000,-6.000,3.500,joint_grid_transaction,1,1,2,9,1,0.000,1.00,2.762,False,None,0.000,False
3.072,2,en_route_pickup,-4.000,-3.000,-1.000,1.500,None,None,0,0,4,2,0.000,1.00,-0.001,False,None,0.000,False
3.072,3,en_route_pickup,4.000,3.000,-3.000,1.500,None,None,0,0,2,3,0.000,1.00,3.142,False,None,0.000,False
3.072,4,idle,4.000,-3.000,0.000,0.000,None,None,0,0,0,None,0.000,1.00,3.142,False,None,0.000,False
3.072,5,idle,-7.000,-0.000,0.000,0.000,None,None,0,0,0,None,0.000,1.00,1.571,False,None,0.000,False
3.072,6,idle,7.000,0.000,0.000,0.000,None,None,0,0,0,None,0.000,1.00,1.571,False,None,0.000,False
3.072,7,idle,-8.500,1.200,0.000,0.000,None,None,0,0,0,None,0.000,1.00,-0.001,False,None,0.000,False
3.072,8,idle,8.500,-1.200,0.000,0.000,None,None,0,0,0,None,0.000,1.00,3.142,False,None,0.000,False
3.328,1,en_route_pickup,-4.176,2.998,-6.000,3.500,joint_grid_transaction,1,1,2,9,1,0.000,1.00,2.869,False,None,0.000,False
3.328,2,en_route_pickup,-4.000,-3.000,-1.000,1.500,None,None,0,0,4,2,0.000,1.00,-0.001,False,None,0.000,False
3.328,3,en_route_pickup,4.000,3.000,-3.000,1.500,None,None,0,0,2,3,0.000,1.00,3.142,False,None,0.000,False
3.328,4,idle,4.000,-3.000,0.000,0.000,None,None,0,0,0,None,0.000,1.00,3.142,False,None,0.000,False
3.328,5,idle,-7.000,-0.000,0.000,0.000,None,None,0,0,0,None,0.000,1.00,1.571,False,None,0.000,False
3.328,6,idle,7.000,0.000,0.000,0.000,None,None,0,0,0,None,0.000,1.00,1.571,False,None,0.000,False
3.328,7,idle,-8.500,1.200,0.000,0.000,None,None,0,0,0,None,0.000,1.00,-0.001,False,None,0.000,False
3.328,8,idle,8.500,-1.200,0.000,0.000,None,None,0,0,0,None,0.000,1.00,3.142,False,None,0.000,False
3.584,1,en_route_pickup,-4.221,2.988,-6.000,3.500,joint_grid_transaction,1,1,2,9,1,0.000,1.00,2.990,False,None,0.000,False
3.584,2,en_route_pickup,-4.000,-3.000,-1.000,1.500,None,None,0,0,4,2,0.000,1.00,-0.001,False,None,0.000,False
3.584,3,en_route_pickup,4.000,3.000,-3.000,1.500,None,None,0,0,2,3,0.000,1.00,3.142,False,None,0.000,False
3.584,4,idle,4.000,-3.000,0.000,0.000,None,None,0,0,0,None,0.000,1.00,3.142,False,None,0.000,False
3.584,5,idle,-7.000,-0.000,0.000,0.000,None,None,0,0,0,None,0.000,1.00,1.571,False,None,0.000,False
3.584,6,idle,7.000,0.000,0.000,0.000,None,None,0,0,0,None,0.000,1.00,1.571,False,None,0.000,False
3.584,7,idle,-8.500,1.200,0.000,0.000,None,None,0,0,0,None,0.000,1.00,-0.001,False,None,0.000,False
3.584,8,idle,8.500,-1.200,0.000,0.000,None,None,0,0,0,None,0.000,1.00,3.142,False,None,0.000,False
3.840,1,en_route_pickup,-4.268,2.983,-6.000,3.500,joint_grid_transaction,1,1,2,9,1,0.000,1.00,3.070,False,None,0.000,False
3.840,2,en_route_pickup,-4.000,-3.000,-1.000,1.500,None,None,0,0,4,2,0.000,1.00,-0.001,False,None,0.000,False
3.840,3,en_route_pickup,4.000,3.000,-3.000,1.500,None,None,0,0,2,3,0.000,1.00,3.142,False,None,0.000,False
3.840,4,idle,4.000,-3.000,0.000,0.000,None,None,0,0,0,None,0.000,1.00,3.142,False,None,0.000,False
3.840,5,idle,-7.000,-0.000,0.000,0.000,None,None,0,0,0,None,0.000,1.00,1.571,False,None,0.000,False
3.840,6,idle,7.000,0.000,0.000,0.000,None,None,0,0,0,None,0.000,1.00,1.571,False,None,0.000,False
3.840,7,idle,-8.500,1.200,0.000,0.000,None,None,0,0,0,None,0.000,1.00,-0.001,False,None,0.000,False
3.840,8,idle,8.500,-1.200,0.000,0.000,None,None,0,0,0,None,0.000,1.00,3.142,False,None,0.000,False
4.096,1,en_route_pickup,-4.310,2.980,-6.000,3.500,joint_grid_transaction,2,1,3,9,1,0.000,1.00,3.084,False,None,0.000,False
4.096,2,en_route_pickup,-4.000,-3.000,-1.000,1.500,joint_grid_transaction,2,0,0,9,2,0.000,1.00,0.018,False,None,0.000,False
4.096,3,en_route_pickup,3.998,3.000,-3.000,1.500,joint_grid_transaction,2,0,0,9,3,0.000,1.00,3.142,False,None,0.000,False
4.096,4,idle,4.000,-3.000,0.000,0.000,None,None,0,0,0,None,0.000,1.00,3.142,False,None,0.000,False
4.096,5,idle,-7.000,-0.000,0.000,0.000,None,None,0,0,0,None,0.000,1.00,1.571,False,None,0.000,False
4.096,6,idle,7.000,0.000,0.000,0.000,None,None,0,0,0,None,0.000,1.00,1.571,False,None,0.000,False
4.096,7,idle,-8.500,1.200,0.000,0.000,None,None,0,0,0,None,0.000,1.00,-0.001,False,None,0.000,False
4.096,8,idle,8.500,-1.200,0.000,0.000,None,None,0,0,0,None,0.000,1.00,3.142,False,None,0.000,False
4.352,1,en_route_pickup,-4.349,2.978,-6.000,3.500,joint_grid_transaction,2,2,2,9,1,0.000,1.00,3.082,False,None,0.000,False
4.352,2,en_route_pickup,-4.013,-3.004,-1.000,1.500,joint_grid_transaction,2,2,1,9,2,0.000,1.00,0.392,False,None,0.000,False
4.352,3,en_route_pickup,3.950,3.000,-3.000,1.500,joint_grid_transaction,2,2,2,9,3,0.000,1.00,3.142,False,None,0.000,False
4.352,4,idle,4.000,-3.000,0.000,0.000,None,None,0,0,0,None,0.000,1.00,3.142,False,None,0.000,False
4.352,5,idle,-7.000,-0.000,0.000,0.000,None,None,0,0,0,None,0.000,1.00,1.571,False,None,0.000,False
4.352,6,idle,7.000,0.000,0.000,0.000,None,None,0,0,0,None,0.000,1.00,1.571,False,None,0.000,False
4.352,7,idle,-8.500,1.200,0.000,0.000,None,None,0,0,0,None,0.000,1.00,-0.001,False,None,0.000,False
4.352,8,idle,8.500,-1.200,0.000,0.000,None,None,0,0,0,None,0.000,1.00,3.142,False,None,0.000,False
4.608,1,en_route_pickup,-4.388,2.976,-6.000,3.500,joint_grid_transaction,2,2,2,9,1,0.000,1.00,3.081,False,None,0.000,False
4.608,2,en_route_pickup,-4.027,-3.010,-1.000,1.500,joint_grid_transaction,2,2,1,9,2,0.000,1.00,0.562,False,None,0.000,False
4.608,3,en_route_pickup,3.902,3.000,-3.000,1.500,joint_grid_transaction,2,2,2,9,3,0.000,1.00,3.142,False,None,0.000,False
4.608,4,idle,4.000,-3.000,0.000,0.000,None,None,0,0,0,None,0.000,1.00,3.142,False,None,0.000,False
4.608,5,idle,-7.000,-0.000,0.000,0.000,None,None,0,0,0,None,0.000,1.00,1.571,False,None,0.000,False
4.608,6,idle,7.000,0.000,0.000,0.000,None,None,0,0,0,None,0.000,1.00,1.571,False,None,0.000,False
4.608,7,idle,-8.500,1.200,0.000,0.000,None,None,0,0,0,None,0.000,1.00,-0.001,False,None,0.000,False
4.608,8,idle,8.500,-1.200,0.000,0.000,None,None,0,0,0,None,0.000,1.00,3.142,False,None,0.000,False
4.864,1,en_route_pickup,-4.426,2.973,-6.000,3.500,joint_grid_transaction,2,2,2,9,1,0.000,1.00,3.080,False,None,0.000,False
4.864,2,en_route_pickup,-4.005,-2.997,-1.000,1.500,joint_grid_transaction,2,2,2,9,2,0.000,1.00,0.245,False,None,0.000,False
4.864,3,en_route_pickup,3.854,3.000,-3.000,1.500,joint_grid_transaction,2,2,2,9,3,0.000,1.00,3.142,False,None,0.000,False
4.864,4,idle,4.000,-3.000,0.000,0.000,None,None,0,0,0,None,0.000,1.00,3.142,False,None,0.000,False
4.864,5,idle,-7.000,-0.000,0.000,0.000,None,None,0,0,0,None,0.000,1.00,1.571,False,None,0.000,False
4.864,6,idle,7.000,0.000,0.000,0.000,None,None,0,0,0,None,0.000,1.00,1.571,False,None,0.000,False
4.864,7,idle,-8.500,1.200,0.000,0.000,None,None,0,0,0,None,0.000,1.00,-0.001,False,None,0.000,False
4.864,8,idle,8.500,-1.200,0.000,0.000,None,None,0,0,0,None,0.000,1.00,3.142,False,None,0.000,False
5.120,1,en_route_pickup,-4.462,2.971,-6.000,3.500,joint_grid_transaction,3,2,2,9,1,0.000,1.00,3.080,False,None,0.000,False
5.120,2,en_route_pickup,-4.002,-2.995,-1.000,1.500,joint_grid_transaction,3,2,2,9,2,0.000,1.00,0.178,False,None,0.000,False
5.120,3,en_route_pickup,3.807,3.000,-3.000,1.500,joint_grid_transaction,3,2,2,8,3,0.000,1.00,3.142,False,None,0.000,False
5.120,4,idle,4.000,-3.000,0.000,0.000,None,None,0,0,0,None,0.000,1.00,3.142,False,None,0.000,False
5.120,5,idle,-7.000,-0.000,0.000,0.000,None,None,0,0,0,None,0.000,1.00,1.571,False,None,0.000,False
5.120,6,idle,7.000,0.000,0.000,0.000,None,None,0,0,0,None,0.000,1.00,1.571,False,None,0.000,False
5.120,7,idle,-8.500,1.200,0.000,0.000,None,None,0,0,0,None,0.000,1.00,-0.001,False,None,0.000,False
5.120,8,idle,8.500,-1.200,0.000,0.000,None,None,0,0,0,None,0.000,1.00,3.142,False,None,0.000,False
5.376,1,en_route_pickup,-4.497,2.969,-6.000,3.500,joint_grid_transaction,3,3,1,9,1,0.000,1.00,3.079,False,None,0.000,False
5.376,2,en_route_pickup,-4.022,-2.988,-1.000,1.500,joint_grid_transaction,3,3,1,9,2,0.000,1.00,0.515,False,None,0.000,False
5.376,3,en_route_pickup,3.759,3.000,-3.000,1.500,joint_grid_transaction,3,3,1,8,3,0.000,1.00,3.142,False,None,0.000,False
5.376,4,idle,4.000,-3.000,0.000,0.000,None,None,0,0,0,None,0.000,1.00,3.142,False,None,0.000,False
5.376,5,idle,-7.000,-0.000,0.000,0.000,None,None,0,0,0,None,0.000,1.00,1.571,False,None,0.000,False
5.376,6,idle,7.000,0.000,0.000,0.000,None,None,0,0,0,None,0.000,1.00,1.571,False,None,0.000,False
5.376,7,idle,-8.500,1.200,0.000,0.000,None,None,0,0,0,None,0.000,1.00,-0.001,False,None,0.000,False
5.376,8,idle,8.500,-1.200,0.000,0.000,None,None,0,0,0,None,0.000,1.00,3.142,False,None,0.000,False
5.632,1,en_route_pickup,-4.531,2.967,-6.000,3.500,joint_grid_transaction,3,3,1,9,1,0.000,1.00,3.079,False,None,0.000,False
5.632,2,en_route_pickup,-4.049,-2.967,-1.000,1.500,joint_grid_transaction,3,3,2,9,2,0.000,1.00,0.771,False,None,0.000,False
5.632,3,en_route_pickup,3.719,3.000,-3.000,1.500,joint_grid_transaction,3,3,1,8,3,0.000,1.00,-3.142,False,joint_slot_deadline,6.292,False
5.632,4,idle,4.000,-3.000,0.000,0.000,None,None,0,0,0,None,0.000,1.00,3.142,False,None,0.000,False
5.632,5,idle,-7.000,-0.000,0.000,0.000,None,None,0,0,0,None,0.000,1.00,1.571,False,None,0.000,False
5.632,6,idle,7.000,0.000,0.000,0.000,None,None,0,0,0,None,0.000,1.00,1.571,False,None,0.000,False
5.632,7,idle,-8.500,1.200,0.000,0.000,None,None,0,0,0,None,0.000,1.00,-0.001,False,None,0.000,False
5.632,8,idle,8.500,-1.200,0.000,0.000,None,None,0,0,0,None,0.000,1.00,3.142,False,None,0.000,False
5.888,1,en_route_pickup,-4.567,2.964,-6.000,3.500,joint_grid_transaction,3,3,2,9,1,0.000,1.00,3.074,False,None,0.000,False
5.888,2,en_route_pickup,-4.074,-2.940,-1.000,1.500,joint_grid_transaction,3,3,2,9,2,0.000,1.00,1.017,False,None,0.000,False
5.888,3,en_route_pickup,3.719,3.000,-3.000,1.500,joint_grid_transaction,3,3,1,8,3,0.000,1.00,-3.142,False,joint_slot_deadline,6.292,False
5.888,4,idle,4.000,-3.000,0.000,0.000,None,None,0,0,0,None,0.000,1.00,3.142,False,None,0.000,False
5.888,5,idle,-7.000,-0.000,0.000,0.000,None,None,0,0,0,None,0.000,1.00,1.571,False,None,0.000,False
5.888,6,idle,7.000,0.000,0.000,0.000,None,None,0,0,0,None,0.000,1.00,1.571,False,None,0.000,False
5.888,7,idle,-8.500,1.200,0.000,0.000,None,None,0,0,0,None,0.000,1.00,-0.001,False,None,0.000,False
5.888,8,idle,8.500,-1.200,0.000,0.000,None,None,0,0,0,None,0.000,1.00,3.142,False,None,0.000,False
6.144,1,en_route_pickup,-4.603,2.962,-6.000,3.500,joint_grid_transaction,3,3,2,9,1,0.000,1.00,3.074,False,None,0.000,False
6.144,2,en_route_pickup,-4.086,-2.918,-1.000,1.500,joint_grid_transaction,3,3,2,9,2,0.000,1.00,1.337,False,None,0.000,False
6.144,3,en_route_pickup,3.719,3.000,-3.000,1.500,joint_grid_transaction,3,3,1,8,3,0.000,1.00,-3.142,False,joint_slot_deadline,6.292,False
6.144,4,idle,4.000,-3.000,0.000,0.000,None,None,0,0,0,None,0.000,1.00,3.142,False,None,0.000,False
6.144,5,idle,-7.000,-0.000,0.000,0.000,None,None,0,0,0,None,0.000,1.00,1.571,False,None,0.000,False
6.144,6,idle,7.000,0.000,0.000,0.000,None,None,0,0,0,None,0.000,1.00,1.571,False,None,0.000,False
6.144,7,idle,-8.500,1.200,0.000,0.000,None,None,0,0,0,None,0.000,1.00,-0.001,False,None,0.000,False
6.144,8,idle,8.500,-1.200,0.000,0.000,None,None,0,0,0,None,0.000,1.00,3.142,False,None,0.000,False
6.400,1,en_route_pickup,-4.638,2.960,-6.000,3.500,joint_grid_transaction,3,3,2,9,1,0.000,1.00,3.073,False,None,0.000,False
6.400,2,en_route_pickup,-4.087,-2.915,-1.000,1.500,joint_grid_transaction,3,3,2,9,2,0.000,1.00,1.746,False,None,0.000,False
6.400,3,en_route_pickup,3.705,3.000,-3.000,1.500,joint_grid_transaction,3,3,1,8,3,0.000,1.00,-3.142,False,joint_slot_deadline,6.292,False
6.400,4,idle,4.000,-3.000,0.000,0.000,None,None,0,0,0,None,0.000,1.00,3.142,False,None,0.000,False
6.400,5,idle,-7.000,-0.000,0.000,0.000,None,None,0,0,0,None,0.000,1.00,1.571,False,None,0.000,False
6.400,6,idle,7.000,0.000,0.000,0.000,None,None,0,0,0,None,0.000,1.00,1.571,False,None,0.000,False
6.400,7,idle,-8.500,1.200,0.000,0.000,None,None,0,0,0,None,0.000,1.00,-0.001,False,None,0.000,False
6.400,8,idle,8.500,-1.200,0.000,0.000,None,None,0,0,0,None,0.000,1.00,3.142,False,None,0.000,False
6.656,1,en_route_pickup,-4.672,2.957,-6.000,3.500,joint_grid_transaction,3,3,2,9,1,0.000,1.00,3.073,False,None,0.000,False
6.656,2,en_route_pickup,-4.090,-2.925,-1.000,1.500,joint_grid_transaction,3,3,2,9,2,0.000,1.00,1.959,False,None,0.000,False
6.656,3,en_route_pickup,3.658,3.000,-3.000,1.500,joint_grid_transaction,3,3,2,8,3,0.000,1.00,-3.142,False,None,0.000,False
6.656,4,idle,4.000,-3.000,0.000,0.000,None,None,0,0,0,None,0.000,1.00,3.142,False,None,0.000,False
6.656,5,idle,-7.000,-0.000,0.000,0.000,None,None,0,0,0,None,0.000,1.00,1.571,False,None,0.000,False
6.656,6,idle,7.000,0.000,0.000,0.000,None,None,0,0,0,None,0.000,1.00,1.571,False,None,0.000,False
6.656,7,idle,-8.500,1.200,0.000,0.000,None,None,0,0,0,None,0.000,1.00,-0.001,False,None,0.000,False
6.656,8,idle,8.500,-1.200,0.000,0.000,None,None,0,0,0,None,0.000,1.00,3.142,False,None,0.000,False
6.912,1,en_route_pickup,-4.705,2.955,-6.000,3.500,joint_grid_transaction,3,3,2,9,1,0.000,1.00,3.072,False,None,0.000,False
6.912,2,en_route_pickup,-4.106,-2.905,-1.000,1.500,joint_grid_transaction,3,3,3,9,2,0.000,1.00,2.054,False,None,0.000,False
6.912,3,en_route_pickup,3.610,3.000,-3.000,1.500,joint_grid_transaction,3,3,2,8,3,0.000,1.00,-3.142,False,None,0.000,False
6.912,4,idle,4.000,-3.000,0.000,0.000,None,None,0,0,0,None,0.000,1.00,3.142,False,None,0.000,False
6.912,5,idle,-7.000,-0.000,0.000,0.000,None,None,0,0,0,None,0.000,1.00,1.571,False,None,0.000,False
6.912,6,idle,7.000,0.000,0.000,0.000,None,None,0,0,0,None,0.000,1.00,1.571,False,None,0.000,False
6.912,7,idle,-8.500,1.200,0.000,0.000,None,None,0,0,0,None,0.000,1.00,-0.001,False,None,0.000,False
6.912,8,idle,8.500,-1.200,0.000,0.000,None,None,0,0,0,None,0.000,1.00,3.142,False,None,0.000,False
7.168,1,en_route_pickup,-4.736,2.953,-6.000,3.500,joint_grid_transaction,3,3,2,9,1,0.000,1.00,3.072,False,None,0.000,False
7.168,2,en_route_pickup,-4.126,-2.862,-1.000,1.500,joint_grid_transaction,3,3,3,9,2,0.000,1.00,1.994,False,None,0.000,False
7.168,3,en_route_pickup,3.562,3.000,-3.000,1.500,joint_grid_transaction,3,3,2,8,3,0.000,1.00,-3.142,False,None,0.000,False
7.168,4,idle,4.000,-3.000,0.000,0.000,None,None,0,0,0,None,0.000,1.00,3.142,False,None,0.000,False
7.168,5,idle,-7.000,-0.000,0.000,0.000,None,None,0,0,0,None,0.000,1.00,1.571,False,None,0.000,False
7.168,6,idle,7.000,0.000,0.000,0.000,None,None,0,0,0,None,0.000,1.00,1.571,False,None,0.000,False
7.168,7,idle,-8.500,1.200,0.000,0.000,None,None,0,0,0,None,0.000,1.00,-0.001,False,None,0.000,False
7.168,8,idle,8.500,-1.200,0.000,0.000,None,None,0,0,0,None,0.000,1.00,3.142,False,None,0.000,False
7.424,1,en_route_pickup,-4.764,2.951,-6.000,3.500,joint_grid_transaction,3,3,2,9,1,0.000,1.00,3.072,False,None,0.000,False
7.424,2,en_route_pickup,-4.145,-2.818,-1.000,1.500,joint_grid_transaction,3,3,3,9,2,0.000,1.00,1.954,False,None,0.000,False
7.424,3,en_route_pickup,3.514,3.000,-3.000,1.500,joint_grid_transaction,3,3,2,8,3,0.000,1.00,-3.142,False,None,0.000,False
7.424,4,idle,4.000,-3.000,0.000,0.000,None,None,0,0,0,None,0.000,1.00,3.142,False,None,0.000,False
7.424,5,idle,-7.000,-0.000,0.000,0.000,None,None,0,0,0,None,0.000,1.00,1.571,False,None,0.000,False
7.424,6,idle,7.000,0.000,0.000,0.000,None,None,0,0,0,None,0.000,1.00,1.571,False,None,0.000,False
7.424,7,idle,-8.500,1.200,0.000,0.000,None,None,0,0,0,None,0.000,1.00,-0.001,False,None,0.000,False
7.424,8,idle,8.500,-1.200,0.000,0.000,None,None,0,0,0,None,0.000,1.00,3.142,False,None,0.000,False
7.680,1,en_route_pickup,-4.791,2.949,-6.000,3.500,joint_grid_transaction,3,3,2,9,1,0.000,1.00,3.076,False,None,0.000,False
7.680,2,en_route_pickup,-4.162,-2.774,-1.000,1.500,joint_grid_transaction,3,3,3,9,2,0.000,1.00,1.926,False,None,0.000,False
7.680,3,en_route_pickup,3.466,3.000,-3.000,1.500,joint_grid_transaction,3,3,2,8,3,0.000,1.00,-3.142,False,None,0.000,False
7.680,4,idle,4.000,-3.000,0.000,0.000,None,None,0,0,0,None,0.000,1.00,3.142,False,None,0.000,False
7.680,5,idle,-7.000,-0.000,0.000,0.000,None,None,0,0,0,None,0.000,1.00,1.571,False,None,0.000,False
7.680,6,idle,7.000,0.000,0.000,0.000,None,None,0,0,0,None,0.000,1.00,1.571,False,None,0.000,False
7.680,7,idle,-8.500,1.200,0.000,0.000,None,None,0,0,0,None,0.000,1.00,-0.001,False,None,0.000,False
7.680,8,idle,8.500,-1.200,0.000,0.000,None,None,0,0,0,None,0.000,1.00,3.142,False,None,0.000,False
7.936,1,en_route_pickup,-4.825,2.947,-6.000,3.500,joint_grid_transaction,3,3,3,9,1,0.000,1.00,3.073,False,None,0.000,False
7.936,2,en_route_pickup,-4.178,-2.729,-1.000,1.500,joint_grid_transaction,3,3,3,9,2,0.000,1.00,1.906,False,None,0.000,False
7.936,3,en_route_pickup,3.418,3.000,-3.000,1.500,joint_grid_transaction,3,3,3,8,3,0.000,1.00,-3.142,False,None,0.000,False
7.936,4,idle,4.000,-3.000,0.000,0.000,None,None,0,0,0,None,0.000,1.00,3.142,False,None,0.000,False
7.936,5,idle,-7.000,-0.000,0.000,0.000,None,None,0,0,0,None,0.000,1.00,1.571,False,None,0.000,False
7.936,6,idle,7.000,0.000,0.000,0.000,None,None,0,0,0,None,0.000,1.00,1.571,False,None,0.000,False
7.936,7,idle,-8.500,1.200,0.000,0.000,None,None,0,0,0,None,0.000,1.00,-0.001,False,None,0.000,False
7.936,8,idle,8.500,-1.200,0.000,0.000,None,None,0,0,0,None,0.000,1.00,3.142,False,None,0.000,False
8.192,1,en_route_pickup,-4.858,2.945,-6.000,3.500,joint_grid_transaction,3,3,3,9,1,0.000,1.00,3.073,False,None,0.000,False
8.192,2,en_route_pickup,-4.193,-2.684,-1.000,1.500,joint_grid_transaction,3,3,4,9,2,0.000,1.00,1.851,False,None,0.000,False
8.192,3,en_route_pickup,3.370,3.000,-3.000,1.500,joint_grid_transaction,3,3,3,8,3,0.000,1.00,-3.142,False,None,0.000,False
8.192,4,idle,4.000,-3.000,0.000,0.000,None,None,0,0,0,None,0.000,1.00,3.142,False,None,0.000,False
8.192,5,idle,-7.000,-0.000,0.000,0.000,None,None,0,0,0,None,0.000,1.00,1.571,False,None,0.000,False
8.192,6,idle,7.000,0.000,0.000,0.000,None,None,0,0,0,None,0.000,1.00,1.571,False,None,0.000,False
8.192,7,idle,-8.500,1.200,0.000,0.000,None,None,0,0,0,None,0.000,1.00,-0.001,False,None,0.000,False
8.192,8,idle,8.500,-1.200,0.000,0.000,None,None,0,0,0,None,0.000,1.00,3.142,False,None,0.000,False
8.448,1,en_route_pickup,-4.889,2.942,-6.000,3.500,joint_grid_transaction,3,3,3,9,1,0.000,1.00,3.073,False,None,0.000,False
8.448,2,en_route_pickup,-4.205,-2.638,-1.000,1.500,joint_grid_transaction,3,3,4,9,2,0.000,1.00,1.788,False,None,0.000,False
8.448,3,en_route_pickup,3.323,3.000,-3.000,1.500,joint_grid_transaction,3,3,3,8,3,0.000,1.00,-3.142,False,None,0.000,False
8.448,4,idle,4.000,-3.000,0.000,0.000,None,None,0,0,0,None,0.000,1.00,3.142,False,None,0.000,False
8.448,5,idle,-7.000,-0.000,0.000,0.000,None,None,0,0,0,None,0.000,1.00,1.571,False,None,0.000,False
8.448,6,idle,7.000,0.000,0.000,0.000,None,None,0,0,0,None,0.000,1.00,1.571,False,None,0.000,False
8.448,7,idle,-8.500,1.200,0.000,0.000,None,None,0,0,0,None,0.000,1.00,-0.001,False,None,0.000,False
8.448,8,idle,8.500,-1.200,0.000,0.000,None,None,0,0,0,None,0.000,1.00,3.142,False,None,0.000,False
8.704,1,en_route_pickup,-4.901,2.942,-6.000,3.500,_joint_stall_recovery,4,3,1,3,1,0.000,1.00,-3.000,False,None,0.000,False
8.704,2,en_route_pickup,-4.214,-2.591,-1.000,1.500,joint_grid_transaction,3,3,4,9,2,0.000,1.00,1.745,False,None,0.000,False
8.704,3,en_route_pickup,3.275,3.000,-3.000,1.500,joint_grid_transaction,3,3,3,8,3,0.000,1.00,-3.142,False,None,0.000,False
8.704,4,idle,4.000,-3.000,0.000,0.000,None,None,0,0,0,None,0.000,1.00,3.142,False,None,0.000,False
8.704,5,idle,-7.000,-0.000,0.000,0.000,None,None,0,0,0,None,0.000,1.00,1.571,False,None,0.000,False
8.704,6,idle,7.000,0.000,0.000,0.000,None,None,0,0,0,None,0.000,1.00,1.571,False,None,0.000,False
8.704,7,idle,-8.500,1.200,0.000,0.000,None,None,0,0,0,None,0.000,1.00,-0.001,False,None,0.000,False
8.704,8,idle,8.500,-1.200,0.000,0.000,None,None,0,0,0,None,0.000,1.00,3.142,False,None,0.000,False
8.960,1,en_route_pickup,-4.892,2.945,-6.000,3.500,_joint_stall_recovery,4,3,1,3,1,0.000,1.00,-2.785,False,None,0.000,False
8.960,2,en_route_pickup,-4.221,-2.544,-1.000,1.500,joint_grid_transaction,3,3,4,9,2,0.000,1.00,1.715,False,None,0.000,False
8.960,3,en_route_pickup,3.227,3.000,-3.000,1.500,joint_grid_transaction,3,3,3,8,3,0.000,1.00,-3.142,False,None,0.000,False
8.960,4,idle,4.000,-3.000,0.000,0.000,None,None,0,0,0,None,0.000,1.00,3.142,False,None,0.000,False
8.960,5,idle,-7.000,-0.000,0.000,0.000,None,None,0,0,0,None,0.000,1.00,1.571,False,None,0.000,False
8.960,6,idle,7.000,0.000,0.000,0.000,None,None,0,0,0,None,0.000,1.00,1.571,False,None,0.000,False
8.960,7,idle,-8.500,1.200,0.000,0.000,None,None,0,0,0,None,0.000,1.00,-0.001,False,None,0.000,False
8.960,8,idle,8.500,-1.200,0.000,0.000,None,None,0,0,0,None,0.000,1.00,3.142,False,None,0.000,False
9.216,1,en_route_pickup,-4.911,2.958,-6.000,3.500,_joint_stall_recovery,4,3,1,3,1,0.000,1.00,-2.659,False,None,0.000,False
9.216,2,en_route_pickup,-4.228,-2.497,-1.000,1.500,joint_grid_transaction,3,3,4,9,2,0.000,1.00,1.695,False,None,0.000,False
9.216,3,en_route_pickup,3.179,3.000,-3.000,1.500,joint_grid_transaction,3,3,4,8,3,0.000,1.00,-3.142,False,None,0.000,False
9.216,4,idle,4.000,-3.000,0.000,0.000,None,None,0,0,0,None,0.000,1.00,3.142,False,None,0.000,False
9.216,5,idle,-7.000,-0.000,0.000,0.000,None,None,0,0,0,None,0.000,1.00,1.571,False,None,0.000,False
9.216,6,idle,7.000,0.000,0.000,0.000,None,None,0,0,0,None,0.000,1.00,1.571,False,None,0.000,False
9.216,7,idle,-8.500,1.200,0.000,0.000,None,None,0,0,0,None,0.000,1.00,-0.001,False,None,0.000,False
9.216,8,idle,8.500,-1.200,0.000,0.000,None,None,0,0,0,None,0.000,1.00,3.142,False,None,0.000,False
9.472,1,en_route_pickup,-4.951,2.982,-6.000,3.500,_joint_stall_recovery,4,3,1,3,1,0.000,1.00,-2.563,False,None,0.000,False
9.472,2,en_route_pickup,-4.233,-2.450,-1.000,1.500,joint_grid_transaction,3,3,5,9,2,0.000,1.00,1.676,False,None,0.000,False
9.472,3,en_route_pickup,3.131,3.000,-3.000,1.500,joint_grid_transaction,3,3,4,8,3,0.000,1.00,-3.142,False,None,0.000,False
9.472,4,idle,4.000,-3.000,0.000,0.000,None,None,0,0,0,None,0.000,1.00,3.142,False,None,0.000,False
9.472,5,idle,-7.000,-0.000,0.000,0.000,None,None,0,0,0,None,0.000,1.00,1.571,False,None,0.000,False
9.472,6,idle,7.000,0.000,0.000,0.000,None,None,0,0,0,None,0.000,1.00,1.571,False,None,0.000,False
9.472,7,idle,-8.500,1.200,0.000,0.000,None,None,0,0,0,None,0.000,1.00,-0.001,False,None,0.000,False
9.472,8,idle,8.500,-1.200,0.000,0.000,None,None,0,0,0,None,0.000,1.00,3.142,False,None,0.000,False
9.728,1,en_route_pickup,-4.990,3.010,-6.000,3.500,_joint_stall_recovery,4,3,1,3,1,0.000,1.00,-2.498,False,None,0.000,False
9.728,2,en_route_pickup,-4.238,-2.405,-1.000,1.500,joint_grid_transaction,3,3,5,9,2,0.000,1.00,1.665,False,None,0.000,False
9.728,3,en_route_pickup,3.083,3.000,-3.000,1.500,_joint_stall_recovery,6,3,1,7,3,0.000,1.00,-3.142,False,None,0.000,False
9.728,4,idle,4.000,-3.000,0.000,0.000,None,None,0,0,0,None,0.000,1.00,3.142,False,None,0.000,False
9.728,5,idle,-7.000,-0.000,0.000,0.000,None,None,0,0,0,None,0.000,1.00,1.571,False,None,0.000,False
9.728,6,idle,7.000,0.000,0.000,0.000,None,None,0,0,0,None,0.000,1.00,1.571,False,None,0.000,False
9.728,7,idle,-8.500,1.200,0.000,0.000,None,None,0,0,0,None,0.000,1.00,-0.001,False,None,0.000,False
9.728,8,idle,8.500,-1.200,0.000,0.000,None,None,0,0,0,None,0.000,1.00,3.142,False,None,0.000,False
9.984,1,en_route_pickup,-5.005,3.007,-6.000,3.500,_joint_stall_recovery,4,3,2,3,1,0.000,1.00,-2.603,False,None,0.000,False
9.984,2,en_route_pickup,-4.242,-2.362,-1.000,1.500,joint_grid_transaction,3,3,5,9,2,0.000,1.00,1.664,False,None,0.000,False
9.984,3,en_route_pickup,3.035,3.000,-3.000,1.500,_joint_stall_recovery,6,3,1,7,3,0.000,1.00,-3.142,False,None,0.000,False
9.984,4,en_route_pickup,4.000,-3.000,0.000,3.500,None,None,0,0,3,4,0.000,1.00,3.142,False,None,0.000,False
9.984,5,idle,-7.000,-0.000,0.000,0.000,None,None,0,0,0,None,0.000,1.00,1.571,False,None,0.000,False
9.984,6,idle,7.000,0.000,0.000,0.000,None,None,0,0,0,None,0.000,1.00,1.571,False,None,0.000,False
9.984,7,idle,-8.500,1.200,0.000,0.000,None,None,0,0,0,None,0.000,1.00,-0.001,False,None,0.000,False
9.984,8,idle,8.500,-1.200,0.000,0.000,None,None,0,0,0,None,0.000,1.00,3.142,False,None,0.000,False
10.240,1,en_route_pickup,-5.043,3.028,-6.000,3.500,_joint_stall_recovery,4,3,2,3,1,0.000,1.00,-2.715,False,None,0.000,False
10.240,2,en_route_pickup,-4.245,-2.321,-1.000,1.500,_joint_stall_recovery,8,3,1,5,2,0.000,1.00,1.664,False,None,0.000,False
10.240,3,en_route_pickup,2.987,3.000,-3.000,1.500,_joint_stall_recovery,6,3,1,7,3,0.000,1.00,-3.142,False,None,0.000,False
10.240,4,en_route_pickup,4.000,-3.000,0.000,3.500,None,None,0,0,3,4,0.000,1.00,3.142,False,None,0.000,False
10.240,5,idle,-7.000,-0.000,0.000,0.000,None,None,0,0,0,None,0.000,1.00,1.571,False,None,0.000,False
10.240,6,idle,7.000,0.000,0.000,0.000,None,None,0,0,0,None,0.000,1.00,1.571,False,None,0.000,False
10.240,7,idle,-8.500,1.200,0.000,0.000,None,None,0,0,0,None,0.000,1.00,-0.001,False,None,0.000,False
10.240,8,idle,8.500,-1.200,0.000,0.000,None,None,0,0,0,None,0.000,1.00,3.142,False,None,0.000,False
10.496,1,en_route_pickup,-5.087,3.045,-6.000,3.500,_joint_stall_recovery,4,3,2,3,1,0.000,1.00,-2.797,False,None,0.000,False
10.496,2,en_route_pickup,-4.249,-2.280,-1.000,1.500,_joint_stall_recovery,8,3,1,5,2,0.000,1.00,1.664,False,None,0.000,False
10.496,3,en_route_pickup,2.940,3.000,-3.000,1.500,_joint_stall_recovery,6,3,1,7,3,0.000,1.00,-3.142,False,None,0.000,False
10.496,4,en_route_pickup,4.000,-3.000,0.000,3.500,None,None,0,0,3,4,0.000,1.00,3.142,False,None,0.000,False
10.496,5,idle,-7.000,-0.000,0.000,0.000,None,None,0,0,0,None,0.000,1.00,1.571,False,None,0.000,False
10.496,6,idle,7.000,0.000,0.000,0.000,None,None,0,0,0,None,0.000,1.00,1.571,False,None,0.000,False
10.496,7,idle,-8.500,1.200,0.000,0.000,None,None,0,0,0,None,0.000,1.00,-0.001,False,None,0.000,False
10.496,8,idle,8.500,-1.200,0.000,0.000,None,None,0,0,0,None,0.000,1.00,3.142,False,None,0.000,False
10.752,1,en_route_pickup,-5.132,3.060,-6.000,3.500,_joint_stall_recovery,4,3,2,3,1,0.000,1.00,-2.848,False,None,0.000,False
10.752,2,en_route_pickup,-4.253,-2.239,-1.000,1.500,_joint_stall_recovery,8,3,1,5,2,0.000,1.00,1.663,False,None,0.000,False
10.752,3,en_route_pickup,2.892,3.000,-3.000,1.500,_joint_stall_recovery,6,3,1,7,3,0.000,1.00,-3.142,False,None,0.000,False
10.752,4,en_route_pickup,4.000,-3.000,0.000,3.500,None,None,0,0,3,4,0.000,1.00,3.142,False,None,0.000,False
10.752,5,idle,-7.000,-0.000,0.000,0.000,None,None,0,0,0,None,0.000,1.00,1.571,False,None,0.000,False
10.752,6,idle,7.000,0.000,0.000,0.000,None,None,0,0,0,None,0.000,1.00,1.571,False,None,0.000,False
10.752,7,idle,-8.500,1.200,0.000,0.000,None,None,0,0,0,None,0.000,1.00,-0.001,False,None,0.000,False
10.752,8,idle,8.500,-1.200,0.000,0.000,None,None,0,0,0,None,0.000,1.00,3.142,False,None,0.000,False
11.008,1,en_route_pickup,-5.178,3.073,-6.000,3.500,_joint_stall_recovery,4,3,2,3,1,0.000,1.00,-2.880,False,None,0.000,False
11.008,2,en_route_pickup,-4.257,-2.198,-1.000,1.500,_joint_stall_recovery,8,3,1,5,2,0.000,1.00,1.663,False,None,0.000,False
11.008,3,en_route_pickup,2.844,3.000,-3.000,1.500,_joint_stall_recovery,6,3,1,7,3,0.000,1.00,-3.142,False,None,0.000,False
11.008,4,en_route_pickup,4.000,-3.000,0.000,3.500,None,None,0,0,3,4,0.000,1.00,3.142,False,None,0.000,False
11.008,5,idle,-7.000,-0.000,0.000,0.000,None,None,0,0,0,None,0.000,1.00,1.571,False,None,0.000,False
11.008,6,idle,7.000,0.000,0.000,0.000,None,None,0,0,0,None,0.000,1.00,1.571,False,None,0.000,False
11.008,7,idle,-8.500,1.200,0.000,0.000,None,None,0,0,0,None,0.000,1.00,-0.001,False,None,0.000,False
11.008,8,idle,8.500,-1.200,0.000,0.000,None,None,0,0,0,None,0.000,1.00,3.142,False,None,0.000,False
11.264,1,en_route_pickup,-5.224,3.085,-6.000,3.500,_joint_stall_recovery,4,3,2,3,1,0.000,1.00,-2.901,False,None,0.000,False
11.264,2,en_route_pickup,-4.261,-2.158,-1.000,1.500,_joint_stall_recovery,8,3,1,5,2,0.000,1.00,1.663,False,None,0.000,False
11.264,3,en_route_pickup,2.796,3.000,-3.000,1.500,_joint_stall_recovery,6,3,1,7,3,0.000,1.00,-3.142,False,None,0.000,False
11.264,4,en_route_pickup,4.000,-3.000,0.000,3.500,None,None,0,0,3,4,0.000,1.00,3.142,False,None,0.000,False
11.264,5,idle,-7.000,-0.000,0.000,0.000,None,None,0,0,0,None,0.000,1.00,1.571,False,None,0.000,False
11.264,6,idle,7.000,0.000,0.000,0.000,None,None,0,0,0,None,0.000,1.00,1.571,False,None,0.000,False
11.264,7,idle,-8.500,1.200,0.000,0.000,None,None,0,0,0,None,0.000,1.00,-0.001,False,None,0.000,False
11.264,8,idle,8.500,-1.200,0.000,0.000,None,None,0,0,0,None,0.000,1.00,3.142,False,None,0.000,False
11.520,1,en_route_pickup,-5.270,3.096,-6.000,3.500,_joint_stall_recovery,4,3,2,3,1,0.000,1.00,-2.914,False,None,0.000,False
11.520,2,en_route_pickup,-4.264,-2.118,-1.000,1.500,_joint_stall_recovery,8,3,1,5,2,0.000,1.00,1.662,False,None,0.000,False
11.520,3,en_route_pickup,2.748,3.000,-3.000,1.500,_joint_stall_recovery,6,3,1,7,3,0.000,1.00,-3.142,False,None,0.000,False
11.520,4,en_route_pickup,4.000,-3.000,0.000,3.500,None,None,0,0,3,4,0.000,1.00,3.142,False,None,0.000,False
11.520,5,idle,-7.000,-0.000,0.000,0.000,None,None,0,0,0,None,0.000,1.00,1.571,False,None,0.000,False
11.520,6,idle,7.000,0.000,0.000,0.000,None,None,0,0,0,None,0.000,1.00,1.571,False,None,0.000,False
11.520,7,idle,-8.500,1.200,0.000,0.000,None,None,0,0,0,None,0.000,1.00,-0.001,False,None,0.000,False
11.520,8,idle,8.500,-1.200,0.000,0.000,None,None,0,0,0,None,0.000,1.00,3.142,False,None,0.000,False
11.776,1,en_route_pickup,-5.317,3.107,-6.000,3.500,_joint_stall_recovery,4,3,2,3,1,0.000,1.00,-2.922,False,None,0.000,False
11.776,2,en_route_pickup,-4.268,-2.078,-1.000,1.500,_joint_stall_recovery,8,3,1,5,2,0.000,1.00,1.662,False,None,0.000,False
11.776,3,en_route_pickup,2.700,3.000,-3.000,1.500,_joint_stall_recovery,6,3,1,7,3,0.000,1.00,-3.142,False,None,0.000,False
11.776,4,en_route_pickup,4.000,-3.000,0.000,3.500,None,None,0,0,3,4,0.000,1.00,3.142,False,None,0.000,False
11.776,5,idle,-7.000,-0.000,0.000,0.000,None,None,0,0,0,None,0.000,1.00,1.571,False,None,0.000,False
11.776,6,idle,7.000,0.000,0.000,0.000,None,None,0,0,0,None,0.000,1.00,1.571,False,None,0.000,False
11.776,7,idle,-8.500,1.200,0.000,0.000,None,None,0,0,0,None,0.000,1.00,-0.001,False,None,0.000,False
11.776,8,idle,8.500,-1.200,0.000,0.000,None,None,0,0,0,None,0.000,1.00,3.142,False,None,0.000,False
12.032,1,en_route_pickup,-5.364,3.117,-6.000,3.500,_joint_stall_recovery,4,3,2,3,1,0.000,1.00,-2.927,False,None,0.000,False
12.032,2,en_route_pickup,-4.271,-2.039,-1.000,1.500,_joint_stall_recovery,8,3,1,5,2,0.000,1.00,1.662,False,None,0.000,False
12.032,3,en_route_pickup,2.652,3.000,-3.000,1.500,_joint_stall_recovery,6,3,1,7,3,0.000,1.00,-3.142,False,None,0.000,False
12.032,4,en_route_pickup,4.000,-3.000,0.000,3.500,None,None,0,0,3,4,0.000,1.00,3.142,False,None,0.000,False
12.032,5,idle,-7.000,-0.000,0.000,0.000,None,None,0,0,0,None,0.000,1.00,1.571,False,None,0.000,False
12.032,6,idle,7.000,0.000,0.000,0.000,None,None,0,0,0,None,0.000,1.00,1.571,False,None,0.000,False
12.032,7,idle,-8.500,1.200,0.000,0.000,None,None,0,0,0,None,0.000,1.00,-0.001,False,None,0.000,False
12.032,8,idle,8.500,-1.200,0.000,0.000,None,None,0,0,0,None,0.000,1.00,3.142,False,None,0.000,False
12.288,1,en_route_pickup,-5.411,3.127,-6.000,3.500,_joint_stall_recovery,4,3,2,3,1,0.000,1.00,-2.931,False,None,0.000,False
12.288,2,en_route_pickup,-4.275,-2.000,-1.000,1.500,_joint_stall_recovery,8,3,1,5,2,0.000,1.00,1.661,False,None,0.000,False
12.288,3,en_route_pickup,2.604,3.000,-3.000,1.500,_joint_stall_recovery,6,3,1,7,3,0.000,1.00,-3.142,False,None,0.000,False
12.288,4,en_route_pickup,4.000,-3.000,0.000,3.500,None,None,0,0,3,4,0.000,1.00,3.142,False,None,0.000,False
12.288,5,idle,-7.000,-0.000,0.000,0.000,None,None,0,0,0,None,0.000,1.00,1.571,False,None,0.000,False
12.288,6,idle,7.000,0.000,0.000,0.000,None,None,0,0,0,None,0.000,1.00,1.571,False,None,0.000,False
12.288,7,idle,-8.500,1.200,0.000,0.000,None,None,0,0,0,None,0.000,1.00,-0.001,False,None,0.000,False
12.288,8,idle,8.500,-1.200,0.000,0.000,None,None,0,0,0,None,0.000,1.00,3.142,False,None,0.000,False
12.544,1,en_route_pickup,-5.457,3.137,-6.000,3.500,_joint_stall_recovery,4,3,2,3,1,0.000,1.00,-2.933,False,None,0.000,False
12.544,2,en_route_pickup,-4.278,-1.962,-1.000,1.500,_joint_stall_recovery,8,3,1,5,2,0.000,1.00,1.661,False,None,0.000,False
12.544,3,en_route_pickup,2.557,3.000,-3.000,1.500,_joint_stall_recovery,6,3,1,7,3,0.000,1.00,-3.142,False,None,0.000,False
12.544,4,en_route_pickup,4.000,-3.000,0.000,3.500,None,None,0,0,3,4,0.000,1.00,3.142,False,None,0.000,False
12.544,5,idle,-7.000,-0.000,0.000,0.000,None,None,0,0,0,None,0.000,1.00,1.571,False,None,0.000,False
12.544,6,idle,7.000,0.000,0.000,0.000,None,None,0,0,0,None,0.000,1.00,1.571,False,None,0.000,False
12.544,7,idle,-8.500,1.200,0.000,0.000,None,None,0,0,0,None,0.000,1.00,-0.001,False,None,0.000,False
12.544,8,idle,8.500,-1.200,0.000,0.000,None,None,0,0,0,None,0.000,1.00,3.142,False,None,0.000,False
12.800,1,en_route_pickup,-5.504,3.147,-6.000,3.500,_joint_stall_recovery,4,3,2,3,1,0.000,1.00,-2.934,False,None,0.000,False
12.800,2,en_route_pickup,-4.282,-1.924,-1.000,1.500,_joint_stall_recovery,8,3,1,5,2,0.000,1.00,1.661,False,None,0.000,False
12.800,3,en_route_pickup,2.509,3.000,-3.000,1.500,_joint_stall_recovery,6,3,1,7,3,0.000,1.00,-3.142,False,None,0.000,False
12.800,4,en_route_pickup,4.000,-3.000,0.000,3.500,None,None,0,0,3,4,0.000,1.00,3.142,False,None,0.000,False
12.800,5,idle,-7.000,-0.000,0.000,0.000,None,None,0,0,0,None,0.000,1.00,1.571,False,None,0.000,False
12.800,6,idle,7.000,0.000,0.000,0.000,None,None,0,0,0,None,0.000,1.00,1.571,False,None,0.000,False
12.800,7,idle,-8.500,1.200,0.000,0.000,None,None,0,0,0,None,0.000,1.00,-0.001,False,None,0.000,False
12.800,8,idle,8.500,-1.200,0.000,0.000,None,None,0,0,0,None,0.000,1.00,3.142,False,None,0.000,False
13.056,1,en_route_pickup,-5.551,3.157,-6.000,3.500,_joint_stall_recovery,4,3,2,3,1,0.000,1.00,-2.935,False,None,0.000,False
13.056,2,en_route_pickup,-4.285,-1.886,-1.000,1.500,_joint_stall_recovery,8,3,1,5,2,0.000,1.00,1.661,False,None,0.000,False
13.056,3,en_route_pickup,2.461,3.000,-3.000,1.500,_joint_stall_recovery,6,3,1,7,3,0.000,1.00,-3.142,False,None,0.000,False
13.056,4,en_route_pickup,4.000,-3.000,0.000,3.500,None,None,0,0,3,4,0.000,1.00,3.142,False,None,0.000,False
13.056,5,idle,-7.000,-0.000,0.000,0.000,None,None,0,0,0,None,0.000,1.00,1.571,False,None,0.000,False
13.056,6,idle,7.000,0.000,0.000,0.000,None,None,0,0,0,None,0.000,1.00,1.571,False,None,0.000,False
13.056,7,idle,-8.500,1.200,0.000,0.000,None,None,0,0,0,None,0.000,1.00,-0.001,False,None,0.000,False
13.056,8,idle,8.500,-1.200,0.000,0.000,None,None,0,0,0,None,0.000,1.00,3.142,False,None,0.000,False
13.312,1,en_route_pickup,-5.598,3.166,-6.000,3.500,_joint_stall_recovery,4,3,2,3,1,0.000,1.00,-2.936,False,None,0.000,False
13.312,2,en_route_pickup,-4.289,-1.850,-1.000,1.500,_joint_stall_recovery,8,3,1,5,2,0.000,1.00,1.660,False,None,0.000,False
13.312,3,en_route_pickup,2.413,3.000,-3.000,1.500,_joint_stall_recovery,6,3,1,7,3,0.000,1.00,3.142,False,None,0.000,False
13.312,4,en_route_pickup,4.000,-3.000,0.000,3.500,None,None,0,0,3,4,0.000,1.00,3.142,False,None,0.000,False
13.312,5,idle,-7.000,-0.000,0.000,0.000,None,None,0,0,0,None,0.000,1.00,1.571,False,None,0.000,False
13.312,6,idle,7.000,0.000,0.000,0.000,None,None,0,0,0,None,0.000,1.00,1.571,False,None,0.000,False
13.312,7,idle,-8.500,1.200,0.000,0.000,None,None,0,0,0,None,0.000,1.00,-0.001,False,None,0.000,False
13.312,8,idle,8.500,-1.200,0.000,0.000,None,None,0,0,0,None,0.000,1.00,3.142,False,None,0.000,False
13.568,1,en_route_pickup,-5.645,3.176,-6.000,3.500,_joint_stall_recovery,4,3,2,3,1,0.000,1.00,-2.936,False,None,0.000,True
13.568,2,en_route_pickup,-4.292,-1.813,-1.000,1.500,_joint_stall_recovery,8,3,1,5,2,0.000,1.00,1.660,False,None,0.000,False
13.568,3,en_route_pickup,2.365,3.000,-3.000,1.500,_joint_stall_recovery,6,3,1,7,3,0.000,1.00,-3.142,False,None,0.000,False
13.568,4,en_route_pickup,4.000,-3.000,0.000,3.500,None,None,0,0,3,4,0.000,1.00,3.142,False,None,0.000,False
13.568,5,idle,-7.000,-0.000,0.000,0.000,None,None,0,0,0,None,0.000,1.00,1.571,False,None,0.000,False
13.568,6,idle,7.000,0.000,0.000,0.000,None,None,0,0,0,None,0.000,1.00,1.571,False,None,0.000,False
13.568,7,idle,-8.500,1.200,0.000,0.000,None,None,0,0,0,None,0.000,1.00,-0.001,False,None,0.000,False
13.568,8,idle,8.500,-1.200,0.000,0.000,None,None,0,0,0,None,0.000,1.00,3.142,False,None,0.000,False
13.824,1,en_route_delivery,-5.660,3.179,-3.000,-1.500,_joint_stall_recovery,4,3,3,3,1,0.000,1.00,-2.936,False,None,0.000,True
13.824,2,en_route_pickup,-4.295,-1.778,-1.000,1.500,_joint_stall_recovery,8,3,1,5,2,0.000,1.00,1.660,False,None,0.000,False
13.824,3,en_route_pickup,2.344,3.000,-3.000,1.500,_joint_stall_recovery,6,3,2,7,3,0.000,1.00,-3.041,False,None,0.000,False
13.824,4,en_route_pickup,4.000,-3.000,0.000,3.500,None,None,0,0,3,4,0.000,1.00,3.142,False,None,0.000,False
13.824,5,idle,-7.000,-0.000,0.000,0.000,None,None,0,0,0,None,0.000,1.00,1.571,False,None,0.000,False
13.824,6,idle,7.000,0.000,0.000,0.000,None,None,0,0,0,None,0.000,1.00,1.571,False,None,0.000,False
13.824,7,idle,-8.500,1.200,0.000,0.000,None,None,0,0,0,None,0.000,1.00,-0.001,False,None,0.000,False
13.824,8,idle,8.500,-1.200,0.000,0.000,None,None,0,0,0,None,0.000,1.00,3.142,False,None,0.000,False
14.080,1,en_route_delivery,-5.660,3.179,-3.000,-1.500,_joint_stall_recovery,4,3,3,3,1,0.000,1.00,-2.936,False,None,0.000,False
14.080,2,en_route_pickup,-4.298,-1.743,-1.000,1.500,_joint_stall_recovery,8,3,1,5,2,0.000,1.00,1.660,False,None,0.000,False
14.080,3,en_route_pickup,2.312,2.992,-3.000,1.500,_joint_stall_recovery,6,3,2,7,3,0.000,1.00,-2.999,False,None,0.000,False
14.080,4,en_route_pickup,4.000,-3.000,0.000,3.500,None,None,0,0,3,4,0.000,1.00,3.142,False,None,0.000,False
14.080,5,idle,-7.000,-0.000,0.000,0.000,None,None,0,0,0,None,0.000,1.00,1.571,False,None,0.000,False
14.080,6,idle,7.000,0.000,0.000,0.000,None,None,0,0,0,None,0.000,1.00,1.571,False,None,0.000,False
14.080,7,idle,-8.500,1.200,0.000,0.000,None,None,0,0,0,None,0.000,1.00,-0.001,False,None,0.000,False
14.080,8,idle,8.500,-1.200,0.000,0.000,None,None,0,0,0,None,0.000,1.00,3.142,False,None,0.000,False
14.336,1,en_route_delivery,-5.660,3.179,-3.000,-1.500,_joint_stall_recovery,4,3,3,3,1,0.000,1.00,-2.936,False,None,0.000,False
14.336,2,en_route_pickup,-4.301,-1.710,-1.000,1.500,_joint_stall_recovery,8,3,1,5,2,0.000,1.00,1.659,False,None,0.000,False
14.336,3,en_route_pickup,2.275,2.983,-3.000,1.500,_joint_stall_recovery,6,3,2,7,3,0.000,1.00,-2.943,False,None,0.000,False
14.336,4,en_route_pickup,4.000,-3.000,0.000,3.500,None,None,0,0,3,4,0.000,1.00,3.142,False,None,0.000,False
14.336,5,idle,-7.000,-0.000,0.000,0.000,None,None,0,0,0,None,0.000,1.00,1.571,False,None,0.000,False
14.336,6,idle,7.000,0.000,0.000,0.000,None,None,0,0,0,None,0.000,1.00,1.571,False,None,0.000,False
14.336,7,idle,-8.500,1.200,0.000,0.000,None,None,0,0,0,None,0.000,1.00,-0.001,False,None,0.000,False
14.336,8,idle,8.500,-1.200,0.000,0.000,None,None,0,0,0,None,0.000,1.00,3.142,False,None,0.000,False
14.592,1,en_route_delivery,-5.642,3.187,-3.000,-1.500,joint_grid_transaction,11,11,1,8,1,0.000,1.00,-2.643,False,None,0.000,False
14.592,2,en_route_pickup,-4.304,-1.679,-1.000,1.500,joint_grid_transaction,11,11,2,9,2,0.000,1.00,1.657,False,None,0.000,False
14.592,3,en_route_pickup,2.234,2.975,-3.000,1.500,joint_grid_transaction,11,11,1,9,3,0.000,1.00,-3.024,False,None,0.000,False
14.592,4,en_route_pickup,4.009,-2.998,0.000,3.500,joint_grid_transaction,11,11,1,9,4,0.000,1.00,2.813,False,None,0.000,False
14.592,5,idle,-7.000,-0.000,0.000,0.000,None,None,0,0,0,None,0.000,1.00,1.571,False,None,0.000,False
14.592,6,idle,7.000,0.000,0.000,0.000,None,None,0,0,0,None,0.000,1.00,1.571,False,None,0.000,False
14.592,7,idle,-8.500,1.200,0.000,0.000,None,None,0,0,0,None,0.000,1.00,-0.001,False,None,0.000,False
14.592,8,idle,8.500,-1.200,0.000,0.000,None,None,0,0,0,None,0.000,1.00,3.142,False,None,0.000,False
14.848,1,en_route_delivery,-5.616,3.207,-3.000,-1.500,joint_grid_transaction,11,11,1,8,1,0.000,1.00,-2.383,False,None,0.000,False
14.848,2,en_route_pickup,-4.306,-1.647,-1.000,1.500,joint_grid_transaction,11,11,2,9,2,0.000,1.00,1.657,False,None,0.000,False
14.848,3,en_route_pickup,2.189,2.972,-3.000,1.500,joint_grid_transaction,11,11,2,9,3,0.000,1.00,-3.088,False,None,0.000,False
14.848,4,en_route_pickup,4.033,-2.985,0.000,3.500,joint_grid_transaction,11,11,1,9,4,0.000,1.00,2.514,False,None,0.000,False
14.848,5,idle,-7.000,-0.000,0.000,0.000,None,None,0,0,0,None,0.000,1.00,1.571,False,None,0.000,False
14.848,6,idle,7.000,0.000,0.000,0.000,None,None,0,0,0,None,0.000,1.00,1.571,False,None,0.000,False
14.848,7,idle,-8.500,1.200,0.000,0.000,None,None,0,0,0,None,0.000,1.00,-0.001,False,None,0.000,False
14.848,8,idle,8.500,-1.200,0.000,0.000,None,None,0,0,0,None,0.000,1.00,3.142,False,None,0.000,False
